{"pp_favicon":"","pp_enable_right_click":false,"pp_enable_dragging":false,"pp_ga_code":"","pp_before_head_code":"","pp_before_body_code":"","pp_enable_responsive":"true","pp_animation":false,"pp_logo":"","pp_retina_logo":"","pp_logo_margin_top":"40","pp_logo_margin_bottom":"30","pp_logo_full_max_height":"30","pp_logo_full_margin_top":"20","pp_logo_full_margin_bottom":"10","pp_fixed_menu":"true","pp_menu_font":"Oswald","pp_menu_weight":"300","pp_menu_font_size":"16","pp_menu_upper":"true","pp_submenu_font_size":"13","pp_submenu_upper":"true","pp_menu_bg_color":"#f4f4f4","pp_menu_font_color":"#999999","pp_menu_hover_font_color":"#000000","pp_menu_active_font_color":"#000000","pp_submenu_bg_color":"#ffffff","pp_submenu_border_color":"#e1e1e1","pp_submenu_font_color":"#999999","pp_submenu_hover_font_color":"#000000","pp_page_header_bg_color":"#f4f4f4","pp_page_header_padding_top":"150","pp_page_header_padding_bottom":"100","pp_page_title_font_color":"#000000","pp_page_title_font_size":"50","pp_page_title_upper":"true","pp_page_tagline_font_color":"#000000","pp_page_tagline_font_size":"11","pp_page_tagline_upper":"true","pp_page_tagline_letter_spacing":"2","pp_sidebar0":"","pp_sidebar_title_font_size":"13","pp_sidebar_title_upper":"true","pp_sidebar_title_font":"Oswald","pp_sidebar_title_letter_spacing":"1","pp_sidebar_font_color":"#000000","pp_sidebar_link_color":"#000000","pp_sidebar_hover_link_color":"#000000","pp_sidebar_title_color":"#ffffff","pp_sidebar_title_bg_color":"#000000","pp_footer_logo":"","pp_footer_retina_logo":"","pp_footer_text":"Copyright 2014 by ThemeGoods. Powered by Wordpress","pp_footer_bg_color":"#ffffff","pp_footer_font_color":"#000000","pp_footer_link_color":"#000000","pp_footer_hover_link_color":"#000000","pp_enable_totop":"true","pp_totop_bg_color":"#ffffff","pp_totop_icon_color":"#000000","pp_content_bg_color":"#f4f4f4","pp_photoframe_bg_color":"#ffffff","pp_bg_archives":"","pp_bg_categories":"","pp_bg_search":"","pp_bg_tags":"","pp_ggfont0":"","pp_header_font":"Oswald","pp_h1_size":"36","pp_h2_size":"32","pp_h3_size":"26","pp_h4_size":"24","pp_h5_size":"22","pp_h6_size":"18","pp_h1_weight":"400","pp_body_font":"Crimson+Text","pp_body_font_size":"16","pp_page_frame":"true","pp_page_frame_color":"#ffffff","pp_font_color":"#000000","pp_link_color":"#000000","pp_hover_link_color":"#444444","pp_h1_font_color":"#000000","pp_hr_color":"#e1e1e1","pp_input_bg_color":"#ffffff","pp_input_font_color":"#444444","pp_input_border_color":"#e1e1e1","pp_input_focus_border_color":"#000000","pp_button_bg_color":"#000000","pp_button_font_color":"#ffffff","pp_button_border_color":"#000000","pp_gallery_sort":"drag","pp_image_caption_font_size":"14","pp_image_caption_upper":"true","pp_image_caption_weight":"400","pp_image_caption_letter_spacing":"2","pp_image_lightbox_title":"true","pp_full_autoplay":false,"pp_full_slideshow_timer":"5","pp_full_slideshow_trans":"1","pp_full_slideshow_trans_speed":"400","pp_full_image_title":"true","pp_full_title_font_color":"#000000","pp_kenburns_timer":"5","pp_kenburns_zoom":"2","pp_kenburns_trans":"1000","pp_portfolio_hover_bg_color":"#000000","pp_portfolio_hover_opacity_color":"50","pp_portfolio_hover_blur":"true","pp_portfolio_set_sort":"name","pp_filterable_font_color":"#000000","pp_filterable_active_color":"#000000","pp_filterable_active_bg_color":"#f9f9f9","pp_portfolio_archives_layout":"grid","pp_portfolio_next_prev":"true","pp_blog_archives_layout":"fullwidth","pp_blog_categories_layout":"fullwidth","pp_blog_search_layout":"right_sidebar","pp_blog_tags_layout":"fullwidth","pp_blog_display_ft":false,"pp_blog_display_tags":"true","pp_blog_display_author":"true","pp_blog_next_prev":"true","pp_blog_display_full":false,"pp_contact_email":"","pp_contact_form":"s:1:\"1\";","pp_contact_lat":"40.724755","pp_contact_long":"-74.0107","pp_contact_map_zoom":"12","pp_contact_info_box":"Vega Studio","pp_contact_enable_captcha":false,"pp_sharing":"true","pp_facebook_username":"#","pp_twitter_username":"#","pp_google_username":"#","pp_flickr_username":"#","pp_youtube_username":"","pp_vimeo_username":"","pp_tumblr_username":"","pp_dribbble_username":"","pp_linkedin_username":"","pp_pinterest_username":"","pp_instagram_username":"#","pp_twitter_consumer_key":"","pp_twitter_consumer_secret":"","pp_twitter_consumer_token":"","pp_twitter_consumer_token_secret":"","pp_custom_css":"","pp_advance_combine_css":false,"pp_advance_combine_js":false,"pp_advance_clear_cache":false,"pp_import_current":false,"pp_export_current":"0"}